﻿CNPJ/CPF;Tipo de Identificação;Nome/Razão Social;Nome do Serviço;Aplicação do Serviço;Número da Estação;UF;Município;Bairro;Logradouro;Latitude;Longitude;Altitude;Data Inclusão;Data Primeiro Licenciamento;Data Último Licenciamento;Data Validade Licença;Freq. Transmissão;Freq. Rexepção;Designação Emissão;Potência;Raio;Ganho;F/C;1/2 Potência;Ângulo de Elevação;Azimute;Polarização;Altura
79870721000102;CNPJ;PAPA LEGUA SERVICO DE RADIO CHAMADA S/CLTDA.;Serviço Especial de Radiochamada - SER;051 - SERVIÇO ESPECIAL DE RADIOCHAMADA;2678438;PR;Umuarama;;RUA BELEM, N. 4977                   -  nº .;23S450800;53W182400;480,00;23/08/1988;09/06/1993;09/06/1993;12/08/1993;35,62500000 MHz;;6K00A3EJN;75,000 W;10,0;3,0;;0,00;;;V;18,0
85782886000125;CNPJ;RADIO DIFUSORA ALTO VALE LTDA;Serviço Especial de Radiochamada - SER;051 - SERVIÇO ESPECIAL DE RADIOCHAMADA;2766442;SC;Rio do Sul;;SITIO COQUEIROS                      -  nº .;27S110800;49W393900;680,00;17/02/1989;09/08/1996;09/08/1996;30/12/2003;35,75000000 MHz;;6K00A3BFN;50,000 W;;0,0;;;;;V;4,0
45389129000171;CNPJ;CRUZEIRO RADIOCHAMADA S/C LTDA - ME;Serviço Especial de Radiochamada - SER;051 - SERVIÇO ESPECIAL DE RADIOCHAMADA;3957314;SP;Cruzeiro;CENTRO;AV MAJOR NOVAES,715 - FUNDOS         -  nº .;22S345500;44W582800;560,00;27/11/1991;08/02/1996;08/02/1996;26/11/2006;35,65000000 MHz;;6K00A3EJN, 8K00A2BFN;75,000 W;5,0;3,0;;;;;V;20,0
04564159000190;CNPJ;CENTRO BIP S/C LTDA;Serviço Especial de Radiochamada - SER;051 - SERVIÇO ESPECIAL DE RADIOCHAMADA;693383;RO;Porto Velho;OLARIA;RUA CALAMA 1357                      -  nº .;08S420000;63W540000;88,00;08/02/1984;08/02/1984;08/02/1984;05/01/2007;35,57500000 MHz;;8K00A2BFN;75,000 W;10,0;3,0;;;;;V;25,0
87215299000180;CNPJ;TELEALARME BRASIL LTDA - EPP;Serviço Especial de Radiochamada - SER;051 - SERVIÇO ESPECIAL DE RADIOCHAMADA;60950;RS;Pelotas;CENTRO;RUA QUINZE DE NOVEMBRO 607           -  nº .;31S455400;52W202900;10,00;31/07/1986;31/07/1986;31/07/1986;25/06/1991;35,62500000 MHz;35,62500000 MHz;8K00A2EJN;200,000 W;10,0;4,0;;;;;V;70,0
89962062000198;CNPJ;MOUPERTING TELECOMUNICACOES LTDA;Serviço Especial de Radiochamada - SER;051 - SERVIÇO ESPECIAL DE RADIOCHAMADA;45675;RS;Porto Alegre;CENTRO;PRACA OSVALDO CRUZ N 15 CJTO 2709    -  nº .;30S013800;51W130500;5,00;31/08/1984;31/08/1984;31/08/1984;02/08/1994;451,57500000 MHz;;16K0F3EJN, 16K0F1DJN, 15K0F2DJN;250,000 W;38,0;6,0;;;;;V;112,0
89962062000198;CNPJ;MOUPERTING TELECOMUNICACOES LTDA;Serviço Especial de Radiochamada - SER;051 - SERVIÇO ESPECIAL DE RADIOCHAMADA;45675;RS;Porto Alegre;CENTRO;PRACA OSVALDO CRUZ N 15 CJTO 2709    -  nº .;30S013800;51W130500;5,00;31/08/1984;31/08/1984;31/08/1984;02/08/1994;35,55000000 MHz;;6K00A3EJN, 6K00A2BFN, 8K00A2BFN;500,000 W;10,0;0,0;;;;;V;112,0
75579870000166;CNPJ;CENTRAL DE RADIOCHAMADA FOZ DO IGUACU LTDA;Serviço Especial de Radiochamada - SER;051 - SERVIÇO ESPECIAL DE RADIOCHAMADA;173304;PR;Foz do Iguaçu;;RUA RIO BRANCO 577 15 AND            -  nº .;25S342000;54W333500;200,00;15/10/1987;17/05/1995;17/05/1995;08/05/2008;35,57500000 MHz;;8K00A2BJN;300,000 W;70,0;6,5;25,0;70,00;;50,0;H;35,0
19003417000136;CNPJ;CENTRAL BIP LTDA;Serviço Especial de Radiochamada - SER;051 - SERVIÇO ESPECIAL DE RADIOCHAMADA;960730;MG;Juiz de Fora;CENTRO;RUA ESPIRITO SANTO 1301              -  nº .;21S455100;43W310100;930,00;02/05/1984;08/09/1994;08/09/1994;11/07/2009;35,57500000 MHz;35,57500000 MHz;8K00A2AJN;500,000 W;40,0;0,0;;;;;V;18,0
92660455000151;CNPJ;FONE-TOM ELETRONICA LTDA;Serviço Especial de Radiochamada - SER;051 - SERVIÇO ESPECIAL DE RADIOCHAMADA;70548;RS;Uruguaiana;CENTRO;RUA 13 DE MAIO S/N                   -  nº .;29S451600;57W052300;60,00;04/08/1994;31/08/1994;31/08/1994;28/07/2009;931,83750000 MHz;;16K0F3E--, 16K0F1D--, 15K0F2D--;250,000 W;10,0;5,1;;;;;V;20,0
92660455000151;CNPJ;FONE-TOM ELETRONICA LTDA;Serviço Especial de Radiochamada - SER;051 - SERVIÇO ESPECIAL DE RADIOCHAMADA;234389;RS;Bento Gonçalves;;RUA OLINTO F. DE OLIVEIRA FREITAS    -  nº .;29S095700;51W300500;680,00;12/01/1995;17/01/1995;17/01/1995;06/12/2009;931,83750000 MHz;;16K0F3EJN, 16K0F1D--, 15K0F2D--;250,000 W;10,0;5,1;;;;;V;25,0
