﻿CNPJ/CPF;Tipo de Identificação;Nome/Razão Social;Nome do Serviço;Aplicação do Serviço;Número da Estação;UF;Município;Bairro;Logradouro;Latitude;Longitude;Altitude;Data Inclusão;Data Primeiro Licenciamento;Data Último Licenciamento;Data Validade Licença;Freq. Transmissão;Freq. Rexepção;Designação Emissão;Potência;Raio;Ganho;F/C;1/2 Potência;Ângulo de Elevação;Azimute;Polarização;Altura
03341541000171;CNPJ;RTM - REDE DE TELECOMUNICACOES PARA O MERCADO LTDA;Serviço Limitado Especializado;069 - Serviço de Circuito Especializado;684237946;SP;São Paulo;CENTRO;RUA LIBERO BADARO, 377 - 11O. ANDAR  -  nº .;23S324600;46W381100;;13/01/2004;16/06/2004;16/06/2004;;;;;;;;;;;;;
03341541000171;CNPJ;RTM - REDE DE TELECOMUNICACOES PARA O MERCADO LTDA;Serviço Limitado Especializado;069 - Serviço de Circuito Especializado;684213834;RJ;Rio de Janeiro;CENTRO;AVENIDA  REPUBLICA DO CHILE   -  nº 230;22S543000;43W105100;;13/01/2004;16/06/2004;26/08/2004;;;;;;;;;;;;;
03052673000183;CNPJ;ELETRONET S.A;Serviço Limitado Especializado;069 - Serviço de Circuito Especializado;684552590;MG;Belo Horizonte;FLORESTA;R ITAMBE, 114 - 4 ANDAR (ITAMBE)     -  nº S/N;19S551400;43W555600;840,00;22/04/2004;19/08/2004;19/08/2004;;;;;;;;;;;;;
03052673000183;CNPJ;ELETRONET S.A;Serviço Limitado Especializado;069 - Serviço de Circuito Especializado;684720477;MA;Imperatriz;Lagoa Verde;Rodovia BR010  -  nº SN;05S250300;47W280300;155,00;03/08/2004;19/08/2004;19/08/2004;;;;;;;;;;;;;
03052673000183;CNPJ;ELETRONET S.A;Serviço Limitado Especializado;069 - Serviço de Circuito Especializado;688095690;PE;Jaboatão dos Guararapes;BULHOES;RODOVIA  PE-07   -  nº S/N;08S064900;35W022100;77,00;27/12/2005;11/09/2017;11/09/2017;;;;;;;;;;;;;
03052673000183;CNPJ;ELETRONET S.A;Serviço Limitado Especializado;069 - Serviço de Circuito Especializado;688095704;PR;Maringá;PARQUE INDUSTRIAL;RODOVIA  PR-317 SAIDA PARA CAMPO MOURAO  -  nº S/N;23S302009;52W005500;442,00;27/12/2005;11/09/2017;11/09/2017;;;;;;;;;;;;;
03052673000183;CNPJ;ELETRONET S.A;Serviço Limitado Especializado;069 - Serviço de Circuito Especializado;688095712;PR;Rolândia;;ESTRADA CARAMURU KM 1,5   -  nº S/N;23S201007;51W195103;625,00;27/12/2005;11/09/2017;11/09/2017;;;;;;;;;;;;;
03052673000183;CNPJ;ELETRONET S.A;Serviço Limitado Especializado;069 - Serviço de Circuito Especializado;688095720;SC;Palhoça;CAMINHO NOVO;RUA PADRE JOAO BATISTA REUS   -  nº S/N;27S383773;48W411953;30,00;27/12/2005;11/09/2017;11/09/2017;;;;;;;;;;;;;
03052673000183;CNPJ;ELETRONET S.A;Serviço Limitado Especializado;069 - Serviço de Circuito Especializado;688880240;BA;Dias dÁvila;SUBESTAÇÃO DA CHESF;RODOVIA BA 93, KM 21  -  nº S/N;12S370600;38W205400;48,00;23/11/2006;11/09/2017;11/09/2017;;;;;;;;;;;;;
03052673000183;CNPJ;ELETRONET S.A;Serviço Limitado Especializado;069 - Serviço de Circuito Especializado;1003914370;RN;Açu;centro;av joao celso filho  -  nº s/n;05S353711;36W543095;28,00;15/03/2017;11/09/2017;11/09/2017;;;;;;;;;;;;;
03052673000183;CNPJ;ELETRONET S.A;Serviço Limitado Especializado;069 - Serviço de Circuito Especializado;1003914451;MG;Almenara;NÃO CONSTA;Praça subestação (subestação CEMIG)  -  nº 265;16S112163;40W412249;425,00;15/03/2017;11/09/2017;11/09/2017;;;;;;;;;;;;;
03052673000183;CNPJ;ELETRONET S.A;Serviço Limitado Especializado;069 - Serviço de Circuito Especializado;1003914567;SP;Assis;Água do Pavão;Rodovia Raposo Tavares km 438  -  nº S/N;22S401201;50W205927;544,00;15/03/2017;11/09/2017;11/09/2017;;;;;;;;;;;;;
03052673000183;CNPJ;ELETRONET S.A;Serviço Limitado Especializado;069 - Serviço de Circuito Especializado;1003916608;TO;Colinas do Tocantins;não consta;rodovia BR153 km 220  -  nº s/n;07S581970;48W272188;231,00;15/03/2017;11/09/2017;11/09/2017;;;;;;;;;;;;;
03052673000183;CNPJ;ELETRONET S.A;Serviço Limitado Especializado;069 - Serviço de Circuito Especializado;1003916705;RS;Guaporé;não consta;Linha 21 de abril  -  nº 535;28S505140;51W565231;500,00;15/03/2017;11/09/2017;11/09/2017;;;;;;;;;;;;;
03052673000183;CNPJ;ELETRONET S.A;Serviço Limitado Especializado;069 - Serviço de Circuito Especializado;1003916900;RN;Currais Novos;silvio bezerra melo;rodovia br 226  -  nº s/n;16S112176;40W412256;357,00;15/03/2017;11/09/2017;11/09/2017;;;;;;;;;;;;;
03052673000183;CNPJ;ELETRONET S.A;Serviço Limitado Especializado;069 - Serviço de Circuito Especializado;1003917043;SE;Itabaianinha;nao consta;rodovia SE 450 km 12  -  nº S/N;11S162605;37W472400;220,00;15/03/2017;11/09/2017;11/09/2017;;;;;;;;;;;;;
03052673000183;CNPJ;ELETRONET S.A;Serviço Limitado Especializado;069 - Serviço de Circuito Especializado;1003925380;BA;Itajuípe;nao consta;Fazenda Soledade  -  nº s/n;14S404117;39W223000;92,00;16/03/2017;11/09/2017;11/09/2017;;;;;;;;;;;;;
03052673000183;CNPJ;ELETRONET S.A;Serviço Limitado Especializado;069 - Serviço de Circuito Especializado;1003925410;MG;Itaobim;NÃO CONSTA;RODOVIA BR 367 KM 2  -  nº S/N;16S361365;41W274924;418,00;16/03/2017;11/09/2017;11/09/2017;;;;;;;;;;;;;
03052673000183;CNPJ;ELETRONET S.A;Serviço Limitado Especializado;069 - Serviço de Circuito Especializado;1003925500;SC;Joinville;Vila Nova;Rua Quinze de Novembro  -  nº 5050;26S173298;48W531418;26,00;16/03/2017;11/09/2017;11/09/2017;;;;;;;;;;;;;
03052673000183;CNPJ;ELETRONET S.A;Serviço Limitado Especializado;069 - Serviço de Circuito Especializado;1003925577;SC;Capivari de Baixo;NÃO CONSTA;AV PAULO SANTOS MELLO  -  nº S/N;28S272385;48W581798;7,00;16/03/2017;11/09/2017;11/09/2017;;;;;;;;;;;;;
03052673000183;CNPJ;ELETRONET S.A;Serviço Limitado Especializado;069 - Serviço de Circuito Especializado;1003926182;RN;Natal;Nossa Senhora de Nazaré ou bom pastor;Avenida Amintas Barros  -  nº 160;05S483387;35W141854;34,00;16/03/2017;11/09/2017;11/09/2017;;;;;;;;;;;;;
03052673000183;CNPJ;ELETRONET S.A;Serviço Limitado Especializado;069 - Serviço de Circuito Especializado;1003926220;PR;Pato Branco;Brasília;Rua Arthur Bernardes  -  nº s/n;26S123941;52W402260;758,00;16/03/2017;11/09/2017;11/09/2017;;;;;;;;;;;;;
03052673000183;CNPJ;ELETRONET S.A;Serviço Limitado Especializado;069 - Serviço de Circuito Especializado;1003926280;MA;Presidente Dutra;NAO CONSTA;RODOVIA BR 135 KM 337  -  nº S/N;05S161135;44W285929;104,00;16/03/2017;11/09/2017;11/09/2017;;;;;;;;;;;;;
03052673000183;CNPJ;ELETRONET S.A;Serviço Limitado Especializado;069 - Serviço de Circuito Especializado;1003926344;SE;Nossa Senhora da Glória;ZONA RURAL;FAZENDA FURNAS POVOADO DA SERRINHA  -  nº S/N;10S123756;37W312311;313,00;16/03/2017;11/09/2017;11/09/2017;;;;;;;;;;;;;
03052673000183;CNPJ;ELETRONET S.A;Serviço Limitado Especializado;069 - Serviço de Circuito Especializado;1003926433;BA;Valença;NÃO CONSTA;RODOVIA  BR 101 KM 3 DIR CEMITERICE  -  nº S/N;13S173460;39W204100;211,00;16/03/2017;11/09/2017;11/09/2017;;;;;;;;;;;;;
03052673000183;CNPJ;ELETRONET S.A;Serviço Limitado Especializado;069 - Serviço de Circuito Especializado;1003926492;SC;Xanxerê;dos esportes;rua andre miranda  -  nº s/n;26S514586;52W284180;812,00;16/03/2017;11/09/2017;11/09/2017;;;;;;;;;;;;;
03052673000183;CNPJ;ELETRONET S.A;Serviço Limitado Especializado;069 - Serviço de Circuito Especializado;1003926530;SE;Canindé de São Francisco;nao consta;rodovia juscelino kubitscheck br 206 km 52  -  nº s/n;09S372325;37W474177;67,00;16/03/2017;11/09/2017;11/09/2017;;;;;;;;;;;;;
03052673000183;CNPJ;ELETRONET S.A;Serviço Limitado Especializado;069 - Serviço de Circuito Especializado;1003948798;PB;Campina Grande;não consta;fazenda velame distrito industrial   -  nº s/n;07S160091;35W542838;482,00;21/03/2017;11/09/2017;11/09/2017;;;;;;;;;;;;;
03052673000183;CNPJ;ELETRONET S.A;Serviço Limitado Especializado;069 - Serviço de Circuito Especializado;1003948844;PI;Campo Maior;Zona Rural;Rodovia PI 114 Fazenda Santana  -  nº s/n;04S480660;42W125108;120,00;21/03/2017;11/09/2017;11/09/2017;;;;;;;;;;;;;
03052673000183;CNPJ;ELETRONET S.A;Serviço Limitado Especializado;069 - Serviço de Circuito Especializado;1003948909;RS;Farroupilha;industrial;Rodovia RS 122 km 62 Se Farroupilha eletrosul  -  nº 249;29S131256;51W192534;738,00;21/03/2017;11/09/2017;11/09/2017;;;;;;;;;;;;;
03052673000183;CNPJ;ELETRONET S.A;Serviço Limitado Especializado;069 - Serviço de Circuito Especializado;1003949000;MG;Ibiraci;NÃO CONSTA;ESTRADA IBIRACI  -  nº S/N;20S171325;47W041049;639,00;21/03/2017;11/09/2017;11/09/2017;;;;;;;;;;;;;
03052673000183;CNPJ;ELETRONET S.A;Serviço Limitado Especializado;069 - Serviço de Circuito Especializado;1003949174;GO;Aparecida de Goiânia;não consta;rod br 153 km 14 subestação de bandeirantes  -  nº s/n;16S473120;49W141508;784,00;21/03/2017;11/09/2017;11/09/2017;;;;;;;;;;;;;
03052673000183;CNPJ;ELETRONET S.A;Serviço Limitado Especializado;069 - Serviço de Circuito Especializado;1003949263;SP;Cachoeira Paulista;não consta;rodovia  sp 58 km 207/208  -  nº s/n;22S375336;45W015971;578,00;21/03/2017;11/09/2017;11/09/2017;;;;;;;;;;;;;
03052673000183;CNPJ;ELETRONET S.A;Serviço Limitado Especializado;069 - Serviço de Circuito Especializado;1003949492;MA;Caxias;Área Rural de Caxias;Rodovia br 226 km 100 trecho pres dutra caxias fazenda sta rita  -  nº s/n;05S174444;43W420926;162,00;21/03/2017;11/09/2017;11/09/2017;;;;;;;;;;;;;
03052673000183;CNPJ;ELETRONET S.A;Serviço Limitado Especializado;069 - Serviço de Circuito Especializado;1003949662;BA;Governador Mangabeira;estrada velha;rua joao altino  -  nº s/n;12S362504;39W015695;218,00;21/03/2017;11/09/2017;11/09/2017;;;;;;;;;;;;;
03052673000183;CNPJ;ELETRONET S.A;Serviço Limitado Especializado;069 - Serviço de Circuito Especializado;1003949751;MA;Grajaú;não consta;Rodovia Ma 006 km 3  -  nº s/n;05S481586;46W093911;230,00;21/03/2017;11/09/2017;11/09/2017;;;;;;;;;;;;;
03052673000183;CNPJ;ELETRONET S.A;Serviço Limitado Especializado;069 - Serviço de Circuito Especializado;1003949867;TO;Guaraí;não consta;CERAMICA BRASIL RUA DAS CERAMICAS  -  nº s/n;08S510059;48W285526;234,00;21/03/2017;11/09/2017;11/09/2017;;;;;;;;;;;;;
03052673000183;CNPJ;ELETRONET S.A;Serviço Limitado Especializado;069 - Serviço de Circuito Especializado;1003950024;PR;Guarapuava;não consta;rodovia br 277 km 369 torre 139 lt areia ivaiporã  -  nº s/n;25S244256;51W410586;995,00;21/03/2017;11/09/2017;11/09/2017;;;;;;;;;;;;;
03052673000183;CNPJ;ELETRONET S.A;Serviço Limitado Especializado;069 - Serviço de Circuito Especializado;1003950202;TO;Gurupi;nao consta;rodovia to 280 km 4  -  nº s/n;11S441688;49W004119;291,00;21/03/2017;11/09/2017;11/09/2017;;;;;;;;;;;;;
03052673000183;CNPJ;ELETRONET S.A;Serviço Limitado Especializado;069 - Serviço de Circuito Especializado;1003951853;SP;Itaberá;não consta;rodovia sp 267 km 334  -  nº s/n;23S570741;49W075997;764,00;21/03/2017;11/09/2017;11/09/2017;;;;;;;;;;;;;
03052673000183;CNPJ;ELETRONET S.A;Serviço Limitado Especializado;069 - Serviço de Circuito Especializado;1003951969;MG;Jacinto;não consta;rodovia br 367  -  nº s/n;16S095408;40W145407;201,00;21/03/2017;11/09/2017;11/09/2017;;;;;;;;;;;;;
03052673000183;CNPJ;ELETRONET S.A;Serviço Limitado Especializado;069 - Serviço de Circuito Especializado;1003952124;GO;Morrinhos;não consta;rod br 153 km 630 do trecho morrinhos/itumbiara torre 171 lt im/bd  -  nº s/n;17S475751;49W121662;905,00;21/03/2017;11/09/2017;11/09/2017;;;;;;;;;;;;;
03052673000183;CNPJ;ELETRONET S.A;Serviço Limitado Especializado;069 - Serviço de Circuito Especializado;1003957371;RN;Mossoró;não consta;Rodovia br 304  km 33  -  nº s/n;05S090435;37W210005;24,00;22/03/2017;11/09/2017;11/09/2017;;;;;;;;;;;;;
03052673000183;CNPJ;ELETRONET S.A;Serviço Limitado Especializado;069 - Serviço de Circuito Especializado;1003957398;MG;Muzambinho;não consta;torre 168 LT Fumas poços de caldas rod muzambinho nova resende  -  nº s/n;21S160969;46W280041;818,00;22/03/2017;11/09/2017;11/09/2017;;;;;;;;;;;;;
03052673000183;CNPJ;ELETRONET S.A;Serviço Limitado Especializado;069 - Serviço de Circuito Especializado;1003957401;GO;Niquelândia;NÃO CONSTA;RODOVIA GO 132 KM 24 TORRE 164 LT CELG8660 LT FURNAS SMS802  -  nº S/N;14S260817;48W051749;506,00;22/03/2017;11/09/2017;11/09/2017;;;;;;;;;;;;;
03052673000183;CNPJ;ELETRONET S.A;Serviço Limitado Especializado;069 - Serviço de Circuito Especializado;1003957428;SE;Nossa Senhora do Socorro;NÃO CONSTA;RODOVIA BR 235 KM 10  -  nº S/N;10S525458;37W085381;37,00;22/03/2017;11/09/2017;11/09/2017;;;;;;;;;;;;;
03052673000183;CNPJ;ELETRONET S.A;Serviço Limitado Especializado;069 - Serviço de Circuito Especializado;1003957444;TO;Paraíso do Tocantins;não consta;rodovia paraiso - palmas pimentinha leiloes  -  nº s/n;10S084290;48W493654;454,00;22/03/2017;11/09/2017;11/09/2017;;;;;;;;;;;;;
03052673000183;CNPJ;ELETRONET S.A;Serviço Limitado Especializado;069 - Serviço de Circuito Especializado;1003957509;RS;Passo Fundo;povinho velho;Rodovia BR-285   -  nº 7050;28S144926;52W172302;732,00;22/03/2017;11/09/2017;11/09/2017;;;;;;;;;;;;;
03052673000183;CNPJ;ELETRONET S.A;Serviço Limitado Especializado;069 - Serviço de Circuito Especializado;1003957720;PI;Piripiri;nao consta;estrada do caldeirao km 3  -  nº s/n;04S170529;41W451919;177,00;22/03/2017;11/09/2017;11/09/2017;;;;;;;;;;;;;
03052673000183;CNPJ;ELETRONET S.A;Serviço Limitado Especializado;069 - Serviço de Circuito Especializado;1003957800;MA;Porto Franco;não consta;rodovia br 010 km 1252  -  nº s/n;06S204884;47W223396;183,00;22/03/2017;11/09/2017;11/09/2017;;;;;;;;;;;;;
03052673000183;CNPJ;ELETRONET S.A;Serviço Limitado Especializado;069 - Serviço de Circuito Especializado;1003957959;PE;Recife;Cordeiro;Avenida General San Martin  -  nº 1450;08S034971;34W554088;1,00;22/03/2017;11/09/2017;11/09/2017;;;;;;;;;;;;;
03052673000183;CNPJ;ELETRONET S.A;Serviço Limitado Especializado;069 - Serviço de Circuito Especializado;1003958009;AL;Rio Largo;NAO CONSTA;RODOVIA BR 101 KM 70  -  nº S/N;09S240824;35W502712;146,00;22/03/2017;11/09/2017;11/09/2017;;;;;;;;;;;;;
03052673000183;CNPJ;ELETRONET S.A;Serviço Limitado Especializado;069 - Serviço de Circuito Especializado;1003958041;BA;Salvador;Luiz Anselmo;Rua Luiz Anselmo  -  nº s/n;12S583940;38W290009;55,00;22/03/2017;11/09/2017;11/09/2017;;;;;;;;;;;;;
03052673000183;CNPJ;ELETRONET S.A;Serviço Limitado Especializado;069 - Serviço de Circuito Especializado;1003958092;RN;Santa Cruz;NAO CONSTA;AV PAULO AFONSO  -  nº S/N;06S141121;36W021223;248,00;22/03/2017;11/09/2017;11/09/2017;;;;;;;;;;;;;
03052673000183;CNPJ;ELETRONET S.A;Serviço Limitado Especializado;069 - Serviço de Circuito Especializado;1003958173;RN;Santana do Matos;NAO CONSTA;RUA JOSE LEAO FERREIRA  -  nº S/N;05S572884;36W394300;144,00;22/03/2017;11/09/2017;11/09/2017;;;;;;;;;;;;;
03052673000183;CNPJ;ELETRONET S.A;Serviço Limitado Especializado;069 - Serviço de Circuito Especializado;1003958211;PR;Sertaneja;CRJ CEDRO;FAZENDA SANTO ANTONIO   -  nº S/N;23S031760;50W475079;474,00;22/03/2017;11/09/2017;11/09/2017;;;;;;;;;;;;;
03052673000183;CNPJ;ELETRONET S.A;Serviço Limitado Especializado;069 - Serviço de Circuito Especializado;1003958262;PI;Teresina;Distrito Industrial;Avenida Henry Wall de Carvalho  -  nº 4282;05S073871;42W480487;99,00;22/03/2017;11/09/2017;11/09/2017;;;;;;;;;;;;;
03052673000183;CNPJ;ELETRONET S.A;Serviço Limitado Especializado;069 - Serviço de Circuito Especializado;1003958319;RJ;Três Rios;Nova Niterói;Rodovia BR-040  -  nº S/N;22S070588;43W092840;274,00;22/03/2017;11/09/2017;11/09/2017;;;;;;;;;;;;;
03052673000183;CNPJ;ELETRONET S.A;Serviço Limitado Especializado;069 - Serviço de Circuito Especializado;1003958467;RJ;Volta Redonda;Rio das Flores;Rodovia Presidente Dutra 45 boa vista / barra mansa  -  nº s/n;22S335576;44W071536;510,00;22/03/2017;11/09/2017;11/09/2017;;;;;;;;;;;;;
03052673000183;CNPJ;ELETRONET S.A;Serviço Limitado Especializado;069 - Serviço de Circuito Especializado;1003958718;BA;Ibirataia;nao consta;fazenda cantagalo  -  nº s/n;14S001526;39W383250;188,00;22/03/2017;11/09/2017;11/09/2017;;;;;;;;;;;;;
03052673000183;CNPJ;ELETRONET S.A;Serviço Limitado Especializado;069 - Serviço de Circuito Especializado;1004010165;TO;Araguaína;Área Rural de Araguaína;chacara sao luis  -  nº s/n;07S121804;48W191117;198,00;03/04/2017;11/09/2017;11/09/2017;;;;;;;;;;;;;
03052673000183;CNPJ;ELETRONET S.A;Serviço Limitado Especializado;069 - Serviço de Circuito Especializado;1004012036;BA;Eunápolis;Alecrim;Estrada do alecrim km 3,3  -  nº s/n;16S201989;39W330258;183,00;04/04/2017;11/09/2017;11/09/2017;;;;;;;;;;;;;
03052673000183;CNPJ;ELETRONET S.A;Serviço Limitado Especializado;069 - Serviço de Circuito Especializado;1004012095;SP;Guarulhos;Parque Casa de Pedra;Rua do Ushikichi kamiya  -  nº 684;23S263450;46W351001;779,00;04/04/2017;11/09/2017;11/09/2017;;;;;;;;;;;;;
03052673000183;CNPJ;ELETRONET S.A;Serviço Limitado Especializado;069 - Serviço de Circuito Especializado;684496909;MG;João Monlevade;CARNEIRINHOS;R GERALDO ANTONIO 130 (J. MONLEVADE  -  nº 130;19S485800;43W080300;730,00;07/04/2004;19/08/2004;11/09/2017;;;;;;;;;;;;;
03052673000183;CNPJ;ELETRONET S.A;Serviço Limitado Especializado;069 - Serviço de Circuito Especializado;684525658;MG;Divinópolis;FAZENDA DO FERRADOR;PASTO DA CRUZ - T 284 CARMO CAJURU   -  nº S/N;20S123200;44W463700;795,00;12/04/2004;19/08/2004;11/09/2017;;;;;;;;;;;;;
03052673000183;CNPJ;ELETRONET S.A;Serviço Limitado Especializado;069 - Serviço de Circuito Especializado;684541971;MG;Barbacena;RODOVIA BR 040;BR 040 KM695---(BARBACENA()          -  nº S/N;21S110900;43W451400;1126,00;19/04/2004;19/08/2004;11/09/2017;;;;;;;;;;;;;
03052673000183;CNPJ;ELETRONET S.A;Serviço Limitado Especializado;069 - Serviço de Circuito Especializado;684720388;MA;Barra do Corda;;MA010 - Fazenda Uniao  -  nº SN;05S260900;45W160700;222,00;03/08/2004;19/08/2004;11/09/2017;;;;;;;;;;;;;
03052673000183;CNPJ;ELETRONET S.A;Serviço Limitado Especializado;069 - Serviço de Circuito Especializado;684469359;DF;Brasília;ZONA INDUSTRIAL;SIA TRECHO 01 (BGL BRASILIA GERAL)   -  nº s/n;15S483800;47W573600;1087,00;24/03/2004;19/08/2004;11/09/2017;;;;;;;;;;;;;
03052673000183;CNPJ;ELETRONET S.A;Serviço Limitado Especializado;069 - Serviço de Circuito Especializado;684541793;MG;Conselheiro Lafaiete;ALTO DA AGUA BOA;BR040 KM623 (CONS. LAFAIETE)         -  nº S/N;20S394900;43W491900;1017,00;19/04/2004;19/08/2004;11/09/2017;;;;;;;;;;;;;
03052673000183;CNPJ;ELETRONET S.A;Serviço Limitado Especializado;069 - Serviço de Circuito Especializado;684612054;PR;Curitiba;TATUQUARA;RODOVIA  BR-116   -  nº KM 116;25S353300;49W190600;834,00;04/06/2004;19/08/2004;11/09/2017;;;;;;;;;;;;;
03052673000183;CNPJ;ELETRONET S.A;Serviço Limitado Especializado;069 - Serviço de Circuito Especializado;684616467;CE;Fortaleza;MONDUBIM;AVENIDA PRESIDENTE COSTA E SILVA   -  nº 4677;03S540500;38W310000;31,00;08/06/2004;19/08/2004;11/09/2017;;;;;;;;;;;;;
03052673000183;CNPJ;ELETRONET S.A;Serviço Limitado Especializado;069 - Serviço de Circuito Especializado;684528827;MG;Governador Valadares;PLANALTO;BR116 KM553 (GOV VALADARES)          -  nº S/N;18S505800;41W584500;97,00;13/04/2004;19/08/2004;11/09/2017;;;;;;;;;;;;;
03052673000183;CNPJ;ELETRONET S.A;Serviço Limitado Especializado;069 - Serviço de Circuito Especializado;684612100;RS;Gravataí;NEOPOLIS;RUA DAS ROSAS   -  nº 740;29S530900;51W035100;72,00;04/06/2004;19/08/2004;11/09/2017;;;;;;;;;;;;;
03052673000183;CNPJ;ELETRONET S.A;Serviço Limitado Especializado;069 - Serviço de Circuito Especializado;684497875;MG;Ipatinga;BETHANIA;R NAIROBI 15 (IPATINGA)              -  nº S/N;19S261500;42W332800;276,00;07/04/2004;19/08/2004;11/09/2017;;;;;;;;;;;;;
03052673000183;CNPJ;ELETRONET S.A;Serviço Limitado Especializado;069 - Serviço de Circuito Especializado;684497816;MG;Itabira;CENTRO;ROD MG 03 VIA STA MA DE ITABIRA      -  nº S/N;19S354500;43W115600;750,00;07/04/2004;19/08/2004;11/09/2017;;;;;;;;;;;;;
03052673000183;CNPJ;ELETRONET S.A;Serviço Limitado Especializado;069 - Serviço de Circuito Especializado;684542439;MG;Juiz de Fora;CENTRO;ESTRADA DA REPRESA KM 01 (J DE FORA  -  nº S/N;21S424200;43W241200;695,00;19/04/2004;19/08/2004;11/09/2017;;;;;;;;;;;;;
03052673000183;CNPJ;ELETRONET S.A;Serviço Limitado Especializado;069 - Serviço de Circuito Especializado;684484641;MG;Passos;CENTRO;RUA BARAO DE PASSOS S/N (PASSOS)     -  nº S/N;20S415900;46W353000;723,00;01/04/2004;19/08/2004;11/09/2017;;;;;;;;;;;;;
03052673000183;CNPJ;ELETRONET S.A;Serviço Limitado Especializado;069 - Serviço de Circuito Especializado;684484684;MG;Pimenta;CENTRO;RODOVIA MG 050 KM 210 (PIMENTA)      -  nº S/N;20S281500;45W474000;787,00;01/04/2004;19/08/2004;11/09/2017;;;;;;;;;;;;;
03052673000183;CNPJ;ELETRONET S.A;Serviço Limitado Especializado;069 - Serviço de Circuito Especializado;684571072;RJ;Rio de Janeiro;CENTRO;RUA DO SENADO   -  nº 12;22S540700;43W110400;5,00;10/05/2004;19/08/2004;11/09/2017;;;;;;;;;;;;;
03052673000183;CNPJ;ELETRONET S.A;Serviço Limitado Especializado;069 - Serviço de Circuito Especializado;684490820;MG;Sabará;SCHARLE;EST.VELHA NOVA LIMA KM 9 (TAQUARIL)  -  nº S/N;19S554700;43W510900;787,00;05/04/2004;19/08/2004;11/09/2017;;;;;;;;;;;;;
03052673000183;CNPJ;ELETRONET S.A;Serviço Limitado Especializado;069 - Serviço de Circuito Especializado;684526760;MG;Teófilo Otoni;CENTRO;BR116 KM685-S/N (TEOFILO OTONI)      -  nº S/N;17S520700;41W311400;325,00;13/04/2004;19/08/2004;11/09/2017;;;;;;;;;;;;;
03052673000183;CNPJ;ELETRONET S.A;Serviço Limitado Especializado;069 - Serviço de Circuito Especializado;684475308;MG;Uberaba;CENTRO;AV OLIMPIO JACINTO SILVA (UBERABA)   -  nº S/N;19S430700;47W544800;823,00;26/03/2004;19/08/2004;11/09/2017;;;;;;;;;;;;;
03052673000183;CNPJ;ELETRONET S.A;Serviço Limitado Especializado;069 - Serviço de Circuito Especializado;684474034;MG;Uberlândia;SAIDA ITUIUTABA;BR 365 KM09 (UBERLANDIA)             -  nº S/N;18S542800;48W200300;788,00;25/03/2004;19/08/2004;11/09/2017;;;;;;;;;;;;;
03052673000183;CNPJ;ELETRONET S.A;Serviço Limitado Especializado;069 - Serviço de Circuito Especializado;684525755;MG;Poços de Caldas;JARDIM DR OTTONI;R LILIZA OTTONI S/N (PC DE CALDAS)   -  nº S/N;21S475000;46W365700;1285,00;12/04/2004;19/08/2004;11/09/2017;;;;;;;;;;;;;
03052673000183;CNPJ;ELETRONET S.A;Serviço Limitado Especializado;069 - Serviço de Circuito Especializado;1004155406;TO;Peixe;nao consta;Estrada Peixe/Jaú/TalismÃ  -  nº s/n;12S225006;48W452442;278,00;02/05/2017;11/09/2017;11/09/2017;;;;;;;;;;;;;
03052673000183;CNPJ;ELETRONET S.A;Serviço Limitado Especializado;069 - Serviço de Circuito Especializado;1004155422;PR;São Mateus do Sul;nao consta;Rodovia BR 364   -  nº s/n;25S513131;50W240059;806,00;02/05/2017;11/09/2017;11/09/2017;;;;;;;;;;;;;
04011728000170;CNPJ;OMNES DO BRASIL LTDA;Serviço Limitado Especializado;069 - Serviço de Circuito Especializado;683836641;RJ;Macaé;N. CAVALHEIROS;AV.PREF. ARISTEU FERREIRA SILVA 260  -  nº .;22S231000;41W494600;;25/09/2003;10/11/2003;10/11/2003;;;;;;;;;;;;;
06948311000163;CNPJ;BTS DO BRASIL SERVIÇOS DE TECNOLOGIA LTDA;Serviço Limitado Especializado;069 - Serviço de Circuito Especializado;688917364;RJ;Rio de Janeiro;CENTRO;AVENIDA  RIO BRANCO  -  nº 1;22S535001;43W104901;;11/12/2006;18/01/2007;18/01/2007;;;;;;;;;;;;;
06948311000163;CNPJ;BTS DO BRASIL SERVIÇOS DE TECNOLOGIA LTDA;Serviço Limitado Especializado;069 - Serviço de Circuito Especializado;688917402;SP;São Paulo;BROOKLIN PAULISTA;WORLD TRADE CENTER CONDOMINIO  -  nº 12551;23S363201;46W414601;;11/12/2006;18/01/2007;18/01/2007;;;;;;;;;;;;;
06948311000163;CNPJ;BTS DO BRASIL SERVIÇOS DE TECNOLOGIA LTDA;Serviço Limitado Especializado;069 - Serviço de Circuito Especializado;695308165;SP;Barueri;TAMBORE;AVENIDA  CECI   -  nº 1900;23S293724;46W485847;900,00;09/03/2011;21/07/2011;21/07/2011;;;;;;;;;;;;;
